log,variant,reward_red,reward_blue,rule_score
cc2_remove_bline.jsonl,baseline,2.0000000000000013,2.0000000000000013,30.014346754023673
cc2_remove_meander.jsonl,baseline,1.740000000000001,1.740000000000001,33.712984287462845
cc2_restore_bline.jsonl,baseline,2.0000000000000013,2.0000000000000013,34.736842103833325
cc2_restore_meander.jsonl,baseline,2.0000000000000013,2.0000000000000013,37.126653275390424
